{"precision": 0.9923486360612109, "recall": 0.9943333333333333, "f1_score": 0.9933399933399933, "accuracy": 0.9933333333333333, "threshold": 0.26000000000000006}